{"sheetsById":{"Flor":{"staticOverrides":{"byObject":{"Render":{"exposicion":0.6},"Raíz":{"crecimiento":53,"colorPulse":{"r":0.047058823529411764,"g":0.2235294117647059,"b":0.14901960784313725,"a":1},"speed":0.3999999999999992,"largoPunta":6.499999999999992,"wavelength":3.25,"colorOscuro":{"r":0.011764705882352941,"g":0.0196078431372549,"b":0.0196078431372549,"a":1},"iridescence":0,"iridescenceIOR":1.75,"iridescenceThickMax":180,"roughness":0,"ior":1.6499999999999997,"iridescenceThickMin":0,"hoverRadius":2.2000000000000006,"swayFreq":1.0800000000000003,"swayAmp":0.11800000000000002,"anchorEnd":0.2,"swaySpeed":0.35400000000000004,"pickRadius":0.65,"colorPulseFin":{"r":0.0392156862745098,"g":0.2784313725490196,"b":0.3607843137254902,"a":1}},"Chip":{"iridescenceThickMin":260,"iridescenceThickMax":125,"transmission":1,"roughness":0.36,"metalness":0.18,"ior":2.48,"emissiveIntensity":3.999999999999999,"envMapIntensity":3.849999999999999,"iridescence":1,"color":{"r":0.14901960784313725,"g":0.3137254901960784,"b":0.39215686274509803,"a":1},"bloom":true,"emissive":{"r":0.03529411764705882,"g":0.29411764705882354,"b":0.4,"a":1},"thickness":2.150000000000003},"Shader":{"pointSize":0.9999999999999999,"velocidadOla":-0.05,"frecuenciaOla":1.1999999999999997,"grosorOla":25.200000000000006,"escalaGrumos":3,"multiplicador":48.00000000000001,"pisoOla":1,"brilloBase":0.27999999999999997,"nitidezLuces":0.9,"velParpadeo":0.8000000000000009},"Bloom":{"radius":0.95,"strength":0.6,"threshold":0.3},"Movimiento":{"wobble_speed":0.6499999999999997,"breath_freq":1.5,"breath_speed":0.9999999999999997,"max_disp":0.013999999999999985,"sway_speed":0.39999999999999997,"sway_freq":1.4000000000000001,"sway_amp":0.10499999999999998,"anchor_height":0.37,"wobble_freq":26.999999999999996},"Flor Grande":{"iridescenceThickMin":1000,"roughness":0,"metalness":0,"emissiveIntensity":0,"iridescenceIOR":1.1299999999999994,"color":{"r":0.33725490196078434,"g":0.7843137254901961,"b":0.5372549019607843,"a":1},"iridescenceThickMax":175},"Partículas":{"alcanceMouse":0.055000000000000014,"seguirMouse":26.5,"flujo":2.3200000000000007,"radio":0.04,"caos":0.1,"turbulencia":0.059999999999999915,"escalaRuido":3,"tamano":0.015,"brillo":2.5000000000000004,"rampaColor":1,"rigidez":17.5,"inercia":0.8599999999999999,"color":{"r":0.050980392156862744,"g":0.7568627450980392,"b":0.42745098039215684,"a":1},"iridescenceIOR":2.0699999999999994,"iridescence":1,"bloom":true,"iridescenceThick":775,"remolino":0.13999999999999993,"velBlanco":1,"ascenso":0.9199999999999999},"Partículas raíces":{"color":{"r":0.054901960784313725,"g":0.7607843137254902,"b":0.7333333333333333,"a":1},"iridescence":1,"iridescenceIOR":2.07,"iridescenceThick":775,"radio":0.09999999999999949,"brillo":1.8500000000000054,"flujo":0.18,"caos":0.15000000000000002,"remolino":0.13999999999999993,"escalaRuido":2.0500000000000007,"turbulencia":0.13999999999999999,"velBlanco":2,"rigidez":13.5,"alcanceMouse":0.07499999999999998,"seguirMouse":5,"bloom":true,"tamano":0.015,"ascenso":0.04},"FOV orbit":{"focalLength":39},"Cámara FOV":{"focalLength":50},"Semillas":{"bloom":true,"roughness":0.05,"metalness":0,"iridescence":1,"iridescenceIOR":1.5,"iridescenceThickMin":100,"iridescenceThickMax":400,"emissiveIntensity":5,"envMapIntensity":0.2,"color":{"r":1,"g":1,"b":1,"a":1},"ior":1.59,"emissive":{"r":1,"g":1,"b":1,"a":1}},"Flor Central":{"color":{"r":0.20392156862745098,"g":0.14901960784313725,"b":0.14901960784313725,"a":1},"bloom":true,"iridescenceThickMax":570,"metalness":0.14,"ior":1.84,"emissiveIntensity":1.7,"envMapIntensity":1.8},"Plantas":{"color":{"r":0.3215686274509804,"g":0.6392156862745098,"b":0.4745098039215686,"a":1},"iridescenceIOR":1.13,"iridescenceThickMin":405,"iridescenceThickMax":895,"roughness":0,"emissiveIntensity":0,"transmission":0.3400000000000001,"bloom":true,"thickness":1.3500000000000003,"opacity":0.5,"emissive":{"r":0.7411764705882353,"g":0.30196078431372547,"b":0.7686274509803922,"a":1}},"Terrain":{"color":{"r":0.07058823529411765,"g":1,"b":0.9176470588235294,"a":1},"iridescence":0.43,"iridescenceIOR":1.4,"iridescenceThickMin":100,"iridescenceThickMax":400,"roughness":0.1,"metalness":0.25,"ior":1.11,"emissive":{"r":0,"g":0.1568627450980392,"b":0.9882352941176471,"a":1},"emissiveIntensity":0.05,"envMapIntensity":1,"transmission":0.96,"thickness":2.7},"Distorsión Transición":{"amplitud":0.07,"frecuencia":1.2,"velocidad":0.8,"blur":0.13199999999999998,"cromatico":0,"tinte":{"r":0.03,"g":0.01,"b":0.4,"a":1}},"Viñeta":{"opacidadArriba":1,"opacidadAbajo":1,"alturaArriba":24,"alturaAbajo":44},"Mariposas":{"tamano":0.25,"velocidad":0.07999999999999835,"distancia":24,"deriva":0.5,"aleteo":1.4500000000000037,"suavidad":0.3,"atraccion":0.001},"Raíz Flor Grande":{"colorPulse":{"r":0.4117647058823529,"g":0.7450980392156863,"b":0.796078431372549,"a":1}},"Partículas Espiral":{"bloom":true,"posX":-6.3999999999999915,"posY":0.19999999999999982,"posZ":3.400000000000002,"opacidad":0.019999999999999997,"escala":3.5000000000000004,"brillo":2.1999999999999993,"tamano":0.07499999999999997,"jitter":0.1950000000000001},"Glass Semillas":{"color":{"r":0.6352941176470588,"g":0.7490196078431373,"b":0.796078431372549,"a":1},"bloom":true,"iridescenceThickMax":1000,"emissiveIntensity":3.300000000000005,"iridescenceIOR":1,"iridescence":0.03,"normalScale":0.2849999999999998,"envMapIntensity":0.3,"roughness":0.13,"thickness":0.65,"ior":1.2399999999999998,"opacity":0.7499999999999998,"bloomEmission":2,"bloomThreshold":1.159999999999999,"hoverBoost":1.01},"Fog":{"color":{"r":0.00392156862745098,"g":0.00784313725490196,"b":0.00784313725490196,"a":1},"densidad":0.011000000000000003},"Polvo":{"cantidad":260,"color":{"r":0.058823529411764705,"g":0.14901960784313725,"b":0.13333333333333333,"a":1},"opacidad":0.27999999999999936,"tamano":2,"alcance":150,"deriva":2,"activo":true}}},"sequence":{"subUnitsPerUnit":30,"length":14.96,"type":"PositionalSequence","tracksByObject":{"Cámara FOV":{"trackData":{"AamvCW6xDv":{"type":"BasicKeyframedTrack","__debugName":"Cámara FOV:[\"focalLength\"]","keyframes":[{"id":"x-KdF-hmKP","position":1,"connectedRight":true,"handles":[0.5,1,0.5,0],"type":"bezier","value":50},{"id":"9Q-oWkmesx","position":10,"connectedRight":true,"handles":[0.5,1,0.5,0],"type":"bezier","value":36},{"id":"s6e7zQqpds","position":14.933,"connectedRight":true,"handles":[0.5,1,0.5,0],"type":"bezier","value":26}]}},"trackIdByPropPath":{"[\"focalLength\"]":"AamvCW6xDv"}}}}}},"definitionVersion":"0.4.0","revisionHistory":["HXg2VqSMO5qcHBba","V0uigOQVAutYw6C5","3xCVxdQaxAI6w_UU","7SIrWz2TmFSbUvLJ","GK6JybFyQtjZWr7U","1Lcke3TW2jyYUUOz","VoJ6RsYF_8oIsGiw","micKZK-Z0OcXUyvx","79H5i49lJRX3YPTx","ItftUP3p4VBk4MBE","XMhPbUOe__cdXzFd"]}