{
  "sheetsById": {
    "Flor": {
      "staticOverrides": {
        "byObject": {
          "Render": {
            "exposicion": 0.6
          },
          "Raíz": {
            "crecimiento": 53,
            "colorPulse": {
              "r": 0.047058823529411764,
              "g": 0.2235294117647059,
              "b": 0.14901960784313725,
              "a": 1
            },
            "speed": 0.3999999999999992,
            "largoPunta": 6.499999999999992,
            "wavelength": 3.25,
            "colorOscuro": {
              "r": 0.011764705882352941,
              "g": 0.0196078431372549,
              "b": 0.0196078431372549,
              "a": 1
            },
            "iridescence": 0,
            "iridescenceIOR": 1.75,
            "iridescenceThickMax": 180,
            "roughness": 0,
            "ior": 1.6499999999999997,
            "iridescenceThickMin": 0,
            "hoverRadius": 2.2000000000000006,
            "swayFreq": 1.0800000000000003,
            "swayAmp": 0.11800000000000002,
            "anchorEnd": 0.2,
            "swaySpeed": 0.35400000000000004,
            "pickRadius": 0.65
          },
          "Chip": {
            "iridescenceThickMin": 260,
            "iridescenceThickMax": 125,
            "transmission": 0,
            "roughness": 0.36,
            "metalness": 0.18,
            "ior": 2.48,
            "emissiveIntensity": 0,
            "envMapIntensity": 1.5999999999999996,
            "iridescence": 1,
            "color": {
              "r": 0.3137254901960784,
              "g": 0.792156862745098,
              "b": 0.8705882352941177,
              "a": 1
            }
          },
          "Shader": {
            "pointSize": 0.9999999999999999,
            "velocidadOla": -0.05,
            "frecuenciaOla": 1.1999999999999997,
            "grosorOla": 25.200000000000006,
            "escalaGrumos": 3,
            "multiplicador": 48.00000000000001,
            "pisoOla": 1,
            "brilloBase": 0.27999999999999997,
            "nitidezLuces": 0.9,
            "velParpadeo": 0.8000000000000009
          },
          "Bloom": {
            "radius": 0.9499999999999995,
            "strength": 0.6000000000000003,
            "threshold": 0.2999999999999996
          },
          "Movimiento": {
            "wobble_speed": 0.6499999999999997,
            "breath_freq": 1.5,
            "breath_speed": 0.9999999999999997,
            "max_disp": 0.013999999999999985,
            "sway_speed": 0.39999999999999997,
            "sway_freq": 1.4000000000000001,
            "sway_amp": 0.10499999999999998,
            "anchor_height": 0.37,
            "wobble_freq": 26.999999999999996
          },
          "Flor Grande": {
            "iridescenceThickMin": 1000,
            "roughness": 0,
            "metalness": 0,
            "emissiveIntensity": 0,
            "iridescenceIOR": 1.1299999999999994,
            "color": {
              "r": 0.33725490196078434,
              "g": 0.7843137254901961,
              "b": 0.5372549019607843,
              "a": 1
            },
            "iridescenceThickMax": 175
          },
          "Partículas": {
            "alcanceMouse": 0.055000000000000014,
            "seguirMouse": 26.5,
            "flujo": 2.3200000000000007,
            "radio": 0.04,
            "caos": 0.1,
            "turbulencia": 0.059999999999999915,
            "escalaRuido": 3,
            "tamano": 0.03,
            "brillo": 2.5000000000000004,
            "rampaColor": 1,
            "rigidez": 17.5,
            "inercia": 0.8599999999999999,
            "color": {
              "r": 0.050980392156862744,
              "g": 0.7568627450980392,
              "b": 0.42745098039215684,
              "a": 1
            },
            "iridescenceIOR": 2.0699999999999994,
            "iridescence": 1,
            "bloom": true,
            "iridescenceThick": 775,
            "remolino": 0.13999999999999993,
            "velBlanco": 1,
            "ascenso": 0.9199999999999999
          },
          "Partículas raíces": {
            "color": {
              "r": 0.050980392156862744,
              "g": 0.7568627450980392,
              "b": 0.42745098039215684,
              "a": 1
            },
            "iridescence": 0.34,
            "iridescenceIOR": 2.07,
            "iridescenceThick": 775,
            "radio": 0.61,
            "brillo": 3.75,
            "flujo": 0.56,
            "caos": 0.5,
            "remolino": 0,
            "escalaRuido": 1.65,
            "turbulencia": 0,
            "velBlanco": 2,
            "rampaColor": 0.65,
            "rigidez": 2.5,
            "inercia": 0.7,
            "alcanceMouse": 0.075,
            "seguirMouse": 22.5,
            "bloom": true,
            "tamano": 0.025,
            "ascenso": 1.2
          },
          "FOV orbit": {
            "focalLength": 39
          },
          "Cámara FOV": {
            "focalLength": 50
          },
          "Semillas": {
            "bloom": true,
            "roughness": 0.05,
            "metalness": 0.0,
            "iridescence": 1.0,
            "iridescenceIOR": 1.5,
            "iridescenceThickMin": 100,
            "iridescenceThickMax": 400,
            "emissiveIntensity": 1.4,
            "envMapIntensity": 1.5
          }
        }
      },
      "sequence": {
        "subUnitsPerUnit": 30,
        "length": 14.96,
        "type": "PositionalSequence",
        "tracksByObject": {
          "Cámara FOV": {
            "trackData": {
              "AamvCW6xDv": {
                "type": "BasicKeyframedTrack",
                "__debugName": "Cámara FOV:[\"focalLength\"]",
                "keyframes": [
                  {
                    "id": "x-KdF-hmKP",
                    "position": 1,
                    "connectedRight": true,
                    "handles": [
                      0.5,
                      1,
                      0.5,
                      0
                    ],
                    "type": "bezier",
                    "value": 50
                  },
                  {
                    "id": "9Q-oWkmesx",
                    "position": 10,
                    "connectedRight": true,
                    "handles": [
                      0.5,
                      1,
                      0.5,
                      0
                    ],
                    "type": "bezier",
                    "value": 36
                  },
                  {
                    "id": "s6e7zQqpds",
                    "position": 14.933,
                    "connectedRight": true,
                    "handles": [
                      0.5,
                      1,
                      0.5,
                      0
                    ],
                    "type": "bezier",
                    "value": 26
                  }
                ]
              }
            },
            "trackIdByPropPath": {
              "[\"focalLength\"]": "AamvCW6xDv"
            }
          }
        }
      }
    }
  },
  "definitionVersion": "0.4.0",
  "revisionHistory": [
    "VoJ6RsYF_8oIsGiw",
    "micKZK-Z0OcXUyvx",
    "79H5i49lJRX3YPTx",
    "ItftUP3p4VBk4MBE",
    "XMhPbUOe__cdXzFd"
  ]
}
